epoch,time,train/box_loss,train/cls_loss,train/dfl_loss,metrics/precision(B),metrics/recall(B),metrics/mAP50(B),metrics/mAP50-95(B),val/box_loss,val/cls_loss,val/dfl_loss,lr/pg0,lr/pg1,lr/pg2
1,100.398,1.41376,5.00888,1.43758,0.92924,0.09695,0.41383,0.21437,1.49572,6.64644,1.57529,0.000653846,0.000653846,0.000653846
2,194.877,1.39417,3.54683,1.39488,0.17286,0.11439,0.06085,0.02248,2.11434,5.27954,2.45646,0.00105905,0.00105905,0.00105905
3,284.779,1.44013,2.61404,1.42675,0.7643,0.73432,0.81526,0.42479,1.59663,2.04986,1.58065,0.00120026,0.00120026,0.00120026
4,375.423,1.34724,2.05401,1.38265,0.84044,0.78598,0.86673,0.48799,1.42607,2.21145,1.42999,0.000812,0.000812,0.000812
5,465.831,1.32861,1.71457,1.34415,0.90185,0.89299,0.94741,0.55616,1.36501,1.28575,1.3845,0.000416,0.000416,0.000416
